,0
0,"Article Mediastack: The Benefits of Working Out for Strength, écrit par :Danielle Friedman de catégorie: health"
1,"Article Mediastack: El ejercicio puede influir en nuestro consumo de alcohol, écrit par :Gretchen Reynolds de catégorie: health"
2,"Article Mediastack: Cloth masks may not protect against omicron, report says, écrit par :Shiv Sudhakar de catégorie: health"
3,"Article Mediastack: 10 Lessons We’ve Learned About Eating Well, écrit par :None de catégorie: health"
4,"Article Mediastack: New Year Honours: Whitty, Van-Tam and Blair knighted, Lumley and Redgrave made dames, écrit par :None de catégorie: health"
5,"Article Mediastack: What to Do This Weekend, écrit par :Melissa Kirsch de catégorie: health"
6,"Article Mediastack: The Secrets to Successful Aging in 2022, écrit par :The New York Times de catégorie: health"
7,"Article Mediastack: Omicron Doesn't Infect the Lungs Very Well, Animal Studies Find, écrit par :Carl Zimmer and Azeen Ghorayshi de catégorie: health"
8,"Article Mediastack: Covid: UK 'incomparably better placed' this new year - PM, écrit par :None de catégorie: health"
9,"Article Mediastack: How to Improve Your Mental Health in 2022, écrit par :Dani Blum and Farah Miller de catégorie: health"
10,"Article Mediastack: Biden admin&apos;s plan to distribute 500M COVID tests starting next month not nearly enough, health experts say, écrit par :Bradford Betz de catégorie: health"
11,"Article Mediastack: How Covid and climate misinformation and 'fake news' spread in 2021, écrit par :None de catégorie: health"
12,"Article Mediastack: Covid: Omicron and Delta driving tsunami of cases - WHO, écrit par :None de catégorie: health"
13,"Article Mediastack: Despite Rising Hospitalizations, Omicron Is Not Worse for Children, écrit par :Andrew Jacobs de catégorie: health"
14,"Article Mediastack: Omicron Is Not More Severe for Children, Despite Rising Hospitalizations, écrit par :Andrew Jacobs de catégorie: health"
15,"Article Mediastack: Covid: England reports record 117,000 daily cases, écrit par :None de catégorie: health"
16,"Article Mediastack: Record-setting COVID-19 cases in DC, Maryland, Virginia over holiday: report, écrit par :Julia Musto de catégorie: health"
17,"Article Mediastack: What to Do If You Test Positive for Covid-19, écrit par :Dani Blum and Nicole Stock de catégorie: health"
18,"Article Mediastack: ‘The Nutcracker’ and the Sex Tape, écrit par :Melody Federer de catégorie: health"
19,"Article Mediastack: Considering a Dry January? How to Embrace Mindful Drinking, écrit par :Dani Blum de catégorie: health"
20,"Article Mediastack: How to Handle Omicron Surge Over the Holidays: a Guide, écrit par :Tara Parker-Pope de catégorie: health"
21,"Article Mediastack: Why We All Need to Have More Fun, écrit par :Catherine Price de catégorie: health"
22,"Article Mediastack: Covid: Ministers watch data as studies say Omicron risk lower, écrit par :None de catégorie: health"
23,"Article Mediastack: F.D.A. Clears Pfizer’s Covid Pill for High-Risk Patients 12 and Older, écrit par :Rebecca Robbins and Carl Zimmer de catégorie: health"
24,"Article Mediastack: Army develops COVID-19 vaccine that may provide protection against all variants, écrit par :Peter Aitken de catégorie: health"
25,"Article Mediastack: How To Deal With Burnout During the Holidays, écrit par :Pooja Lakshmin, M.D. de catégorie: health"
26,"Article Mediastack: What Are the Symptoms of the New Omicron Variant?, écrit par :Melinda Wenner Moyer de catégorie: health"
27,"Article Mediastack: COVID-19 omicron variant: Booster shots are critical to fighting the virus, écrit par :None de catégorie: health"
28,"Article Mediastack: Biogen Slashes Price of Alzheimer’s Drug Aduhelm, as It Faces Obstacles, écrit par :Pam Belluck de catégorie: health"
29,"Article Mediastack: Parents Grapple With How Long to Wait for Their Children’s Second Shots, écrit par :Cassandra Willyard de catégorie: health"
30,"Article Mediastack: Israel moves to ban travel to US due to omicron variant concerns, écrit par :Edmund DeMarche de catégorie: health"
31,"Article Mediastack: Move over Superman, COVID-19 ‘super-immunity’ possible after breakthrough infections, study finds, écrit par :Shiv Sudhakar de catégorie: health"
32,"Article Mediastack: Pfizer COVID-19 pill may not see approval for &apos;months&apos; despite &apos;impressive&apos; data, écrit par :Peter Aitken de catégorie: health"
33,"Article Mediastack: What to Do If You Test Positive for Covid-19, écrit par :Dani Blum and Nicole Stock de catégorie: health"
34,"Article Mediastack: Covid: More measures needed to limit hospitalisations - Sage scientists, écrit par :None de catégorie: health"
35,"Article Mediastack: Is It Safe to Travel? Can I Still See My Family on Christmas?, écrit par :Christina Caron de catégorie: health"
36,"Article Mediastack: US experiences &apos;second pandemic&apos; of mental health due to COVID pandemic, lockdowns: Report, écrit par :Peter Aitken de catégorie: health"
37,"Article Mediastack: Fauci pushes new word for &apos;mandates,&apos; admits changing &apos;fully vaccinated&apos; definition &apos;certainly on the table&apos;, écrit par :Peter Aitken de catégorie: health"
38,"Article Mediastack: First estimate of booster jab impact on Omicron, écrit par :None de catégorie: health"
39,"Article Mediastack: As Omicron Surges, a Race to Gauge the Threat, écrit par :Emily Anthes de catégorie: health"
40,"Article Mediastack: 2021 reflections: In an amazing year of achievements, nothing topped the return to campus, écrit par :UCLA Newsroom de catégorie: health"
41,"Article Mediastack: How to Make Sure You’re Virus-Free for Free: A Holiday Guide, écrit par :Emily Anthes de catégorie: health"
42,"Article Mediastack: Por qué siempre hay espacio para el postre, écrit par :Tara Parker-Pope de catégorie: health"
43,"Article Mediastack: 5 Signs of 'Worry Burnout', écrit par :Dani Blum de catégorie: health"
44,"Article Mediastack: Cornell goes to red alert, cancels graduation ceremony after student omicron outbreak, écrit par :Shiv Sudhakar de catégorie: health"
45,"Article Mediastack: CDC chief says omicron cases expected to grow, White House remains &apos;confident&apos; schools will stay open, écrit par :Julia Musto de catégorie: health"
46,"Article Mediastack: Hidden Hearing Loss and How it’s Often Missed in Tests, écrit par :Emma Yasinski de catégorie: health"
47,"Article Mediastack: COVID-19 pandemic death toll tops 800,000 in U.S., écrit par :Julia Musto de catégorie: health"
48,"Article Mediastack: How Lila Moss Hack Brought Diabetes to the Runway, écrit par :Emily Zak de catégorie: health"
49,"Article Mediastack: Deadline time for HealthCare.gov coverage that starts Jan. 1, écrit par :None de catégorie: health"
50,"Article Mediastack: An English City's Fight Against Loneliness, écrit par :Peter Wilson de catégorie: health"
51,"Article Mediastack: Pfizer’s Covid Pill Works Well, Company Confirms in Final Analysis, écrit par :Carl Zimmer and Rebecca Robbins de catégorie: health"
52,"Article Mediastack: WHO director warns omicron spreading at rate &apos;not seen with any previous&apos; variant, écrit par :Julia Musto de catégorie: health"
53,"Article Mediastack: In Search of Black Santa, écrit par :Nancy Redd de catégorie: health"
54,"Article Mediastack: Covid: PM faces big rebellion as MPs vote on new restrictions, écrit par :None de catégorie: health"
55,"Article Mediastack: Omicron: Pfizer says COVID pill appears effective against variant, écrit par :None de catégorie: health"
56,"Article Mediastack: Covid: Call for volunteers as 500k book boosters in a day, écrit par :None de catégorie: health"
57,"Article Mediastack: Navigating My Pregnancy With Fibroids, écrit par :Tiffanie Graham de catégorie: health"
58,"Article Mediastack: The Toll of Uterine Fibroids on Black Women, écrit par :Patrice Peck de catégorie: health"
59,"Article Mediastack: Los estragos de dormir mal, écrit par :Jane E. Brody de catégorie: health"
60,"Article Mediastack: Merck’s Covid Pill Might Pose Risks for Pregnant Women, écrit par :Benjamin Mueller de catégorie: health"
61,"Article Mediastack: Covid: Boris Johnson sets new booster target ahead of 'Omicron wave', écrit par :None de catégorie: health"
62,"Article Mediastack: Covid: First people in UK hospitals with Omicron variant, écrit par :None de catégorie: health"
63,"Article Mediastack: Third of cases in London are Omicron - Zahawi, écrit par :None de catégorie: health"
64,"Article Mediastack: Study: Nasal vaccine may help protect against COVID variants, écrit par :Amy McGorry de catégorie: health"
65,"Article Mediastack: Omicron in the US: More states find COVID-19 variant cases, écrit par :Julia Musto de catégorie: health"
66,"Article Mediastack: Our Favorite Healthy Habits of 2021, écrit par :Tara Parker-Pope de catégorie: health"
67,"Article Mediastack: COVID vaccine manufacturers rush to update shot amid omicron, écrit par :None de catégorie: health"
68,"Article Mediastack: Is the COVID pandemic nearing an end? Experts weigh in on impact of omicron variant, écrit par :None de catégorie: health"
69,"Article Mediastack: FDA authorizes AstraZeneca COVID antibody treatment for emergency use, écrit par :Julia Musto de catégorie: health"
70,"Article Mediastack: FDA approves Pfizer-BioNTech COVID vaccine booster for emergency use in 16- and 17-year-olds, écrit par :Julia Musto de catégorie: health"
71,"Article Mediastack: Mantenerse activo puede proteger al cerebro conforme envejece, écrit par :Gretchen Reynolds de catégorie: health"
72,"Article Mediastack: CDC chief says omicron COVID-19 variant mostly mild so far, écrit par :None de catégorie: health"
73,"Article Mediastack: Omicron: Pfizer-BioNTech COVID-19 vaccine may only partially protect against new variant, study suggests, écrit par :Julia Musto de catégorie: health"
74,"Article Mediastack: As Covid Deaths Rise, Lingering Grief Gets a New Name, écrit par :Dawn MacKeen de catégorie: health"
75,"Article Mediastack: Covid booster jab booking system opens to over-40s in England, écrit par :None de catégorie: health"
76,"Article Mediastack: Mixing Pfizer and Moderna vaccines gives a better immune system response against COVID-19, study finds, écrit par :Paul Best de catégorie: health"
77,"Article Mediastack: Surgeon General Warns of Youth Mental Health Crisis, écrit par :Matt Richtel de catégorie: health"
78,"Article Mediastack: COVID-19 spread more by men, loud talkers: study, écrit par :Julia Musto de catégorie: health"
79,"Article Mediastack: Omicron v. delta: Battle of coronavirus mutants is critical, écrit par :None de catégorie: health"
80,"Article Mediastack: Our 8 Favorite Books in 2021 for Healthy Living, écrit par :Tara Parker-Pope de catégorie: health"
81,"Article Mediastack: Norway Christmas party may have sparked largest omicron variant outbreak outside of South Africa, écrit par :None de catégorie: health"
82,"Article Mediastack: Irritable bowel syndrome may not be all in your head, écrit par :None de catégorie: health"
83,"Article Mediastack: Omicron in the US: Where is it?, écrit par :Julia Musto de catégorie: health"
84,"Article Mediastack: Contact tracing revs up in some states as omicron reaches US, écrit par :None de catégorie: health"
85,"Article Mediastack: Are My Stomach Problems Really All in My Head?, écrit par :Constance Sommer de catégorie: health"
86,"Article Mediastack: Allergy sufferers have nearly 40% lower risk of COVID-19 infection, study says, écrit par :Julia Musto de catégorie: health"
87,"Article Mediastack: How Exercise May Support the Aging Brain, écrit par :Gretchen Reynolds de catégorie: health"
88,"Article Mediastack: Our 8 Favorite Books in 2021 for Healthy Living, écrit par :None de catégorie: health"
89,"Article Mediastack: Minnesota reports second US omicron COVID-19 case, écrit par :Julia Musto de catégorie: health"
90,"Article Mediastack: With Omicron Comes Uncertainty. Here’s How to Handle It., écrit par :Christina Caron de catégorie: health"
91,"Article Mediastack: Omicron variant in the US: What we know, écrit par :Julia Musto de catégorie: health"
92,"Article Mediastack: How to Deal With Social Anxiety During the Holidays, écrit par :Jancee Dunn de catégorie: health"
93,"Article Mediastack: Can I Confront My Dad About His Possibly Secret Relationship?, écrit par :Philip Galanes de catégorie: health"
94,"Article Mediastack: Why Does Coffee Make Me Poop?, écrit par :Alice Callahan de catégorie: health"
95,"Article Mediastack: Fauci says COVID-19 diverted resources from fight against AIDS, écrit par :None de catégorie: health"
96,"Article Mediastack: Omicron: How do you detect it?, écrit par :None de catégorie: health"
97,"Article Mediastack: Covid booster: Hospitals and pharmacies urged to ramp up rollout, écrit par :None de catégorie: health"
98,"Article Mediastack: Tiny Love Stories: ‘Your Husband Will Probably Leave You Now’, écrit par :None de catégorie: health"
99,"Article Mediastack: Merck COVID-19 pill: FDA panel weighs safety, effectiveness, écrit par :None de catégorie: health"
